11,"newxt check store","5/20/2022 0:00","5/21/2022 0:00","4/9/2022 6:41","4/9/2022 6:41"
13,cxdfsfss,"2022-04-07 00:00:00","2022-04-08 00:00:00","2022-04-09 07:33:35","2022-04-09 07:33:54"
14,xcdvsfss,"2022-04-01 00:00:00","2022-04-02 00:00:00","2022-04-09 08:19:12","2022-04-09 08:19:12"
15,zdfdsfsf,"2022-04-09 08:30:00","2022-04-09 09:00:00","2022-04-09 08:19:26","2022-04-09 08:19:26"
16,zxdvfdsfsf,"2022-04-03 12:30:00","2022-04-03 13:00:00","2022-04-09 08:19:36","2022-04-09 08:19:36"
19,xzdfdsf,"2022-04-05 06:30:00","2022-04-05 07:00:00","2022-04-09 08:20:23","2022-04-09 08:20:23"
20,dfsfs,"2022-04-05 08:00:00","2022-04-05 08:30:00","2022-04-09 08:20:29","2022-04-09 08:20:29"
21,"dfdsfsfsfs dab","2022-06-09 00:00:00","2022-06-10 00:00:00","2022-04-09 08:42:38","2022-04-09 08:42:56"
22,fdsfddff,"2022-04-14 00:00:00","2022-04-15 00:00:00","2022-04-09 09:21:07","2022-04-09 09:21:07"
23,kaif,"2022-04-16 00:00:00","2022-04-17 00:00:00","2022-04-09 09:21:16","2022-04-09 09:21:16"
